Candidate,Election Status,Status of Candidate,Specific Party,General Party,Election Jurisdiction,Election Year,Election Type,Office Sought,Incumbency Status,# of Records,Total $
"BUTTERFIELD JR, GEORGE KENNETH (GK)",WON-GENERAL,WON,DEMOCRATIC,DEMOCRATIC,NC,2010,STANDARD,US HOUSE DISTRICT NC 001,INCUMBENT,724.00,824065.00
"CARTER, JOHN",LOST-PRIMARY,LOST,REPUBLICAN,REPUBLICAN,NC,2010,STANDARD,US HOUSE DISTRICT NC 001,OPEN,0.00,0.00
"GRIMES, JERRY",LOST-PRIMARY,LOST,REPUBLICAN,REPUBLICAN,NC,2010,STANDARD,US HOUSE DISTRICT NC 001,OPEN,72.00,11838.00
"LARKINS, CHAD",LOST-PRIMARY,LOST,DEMOCRATIC,DEMOCRATIC,NC,2010,STANDARD,US HOUSE DISTRICT NC 001,CHALLENGER,3.00,450.00
"MILLER, JIM",LOST-PRIMARY,LOST,REPUBLICAN,REPUBLICAN,NC,2010,STANDARD,US HOUSE DISTRICT NC 001,OPEN,0.00,0.00
"WOOLARD, ASHLEY MCMULLAN",LOST-GENERAL,LOST,REPUBLICAN,REPUBLICAN,NC,2010,STANDARD,US HOUSE DISTRICT NC 001,CHALLENGER,184.00,132949.00
"DEATRICH, FRANK",LOST-PRIMARY,LOST,REPUBLICAN,REPUBLICAN,NC,2010,STANDARD,US HOUSE DISTRICT NC 002,OPEN,0.00,0.00
"ELLMERS, RENEE",WON-GENERAL,WON,REPUBLICAN,REPUBLICAN,NC,2010,STANDARD,US HOUSE DISTRICT NC 002,CHALLENGER,884.00,716510.00
"ETHERIDGE, BOB R",LOST-GENERAL,LOST,DEMOCRATIC,DEMOCRATIC,NC,2010,STANDARD,US HOUSE DISTRICT NC 002,INCUMBENT,1094.00,1147768.00
"GAILAS, TODD",LOST-PRIMARY,LOST,REPUBLICAN,REPUBLICAN,NC,2010,STANDARD,US HOUSE DISTRICT NC 002,OPEN,4.00,2141.00
"ROSE, TOM",LOST-GENERAL,LOST,LIBERTARIAN,THIRD-PARTY,NC,2010,STANDARD,US HOUSE DISTRICT NC 002,CHALLENGER,0.00,0.00
"CAVANAUGH, BOB",LOST-PRIMARY,LOST,REPUBLICAN,REPUBLICAN,NC,2010,STANDARD,US HOUSE DISTRICT NC 003,CHALLENGER,0.00,0.00
"HOLLOMAN, DARRYL",LOST-GENERAL,LOST,LIBERTARIAN,THIRD-PARTY,NC,2010,STANDARD,US HOUSE DISTRICT NC 003,CHALLENGER,3.00,355.00
"JONES, WALTER B",WON-GENERAL,WON,REPUBLICAN,REPUBLICAN,NC,2010,STANDARD,US HOUSE DISTRICT NC 003,INCUMBENT,827.00,649372.00
"ROUSE, JOHNNY G",LOST-GENERAL,LOST,DEMOCRATIC,DEMOCRATIC,NC,2010,STANDARD,US HOUSE DISTRICT NC 003,CHALLENGER,18.00,9702.00
"WEBER, CRAIG",LOST-PRIMARY,LOST,REPUBLICAN,REPUBLICAN,NC,2010,STANDARD,US HOUSE DISTRICT NC 003,CHALLENGER,2.00,2181.00
"BURNETT, DAVID",LOST-PRIMARY,LOST,REPUBLICAN,REPUBLICAN,NC,2010,STANDARD,US HOUSE DISTRICT NC 004,OPEN,13.00,12825.00
"HUTCHINS, GEORGE FRANK",LOST-PRIMARY,LOST,REPUBLICAN,REPUBLICAN,NC,2010,STANDARD,US HOUSE DISTRICT NC 004,OPEN,2.00,0.00
"LAWSON, WILLIAM (BJ)",LOST-GENERAL,LOST,REPUBLICAN,REPUBLICAN,NC,2010,STANDARD,US HOUSE DISTRICT NC 004,CHALLENGER,672.00,466447.00
"PRICE, DAVID E",WON-GENERAL,WON,DEMOCRATIC,DEMOCRATIC,NC,2010,STANDARD,US HOUSE DISTRICT NC 004,INCUMBENT,1290.00,980731.00
"ROCHE, FRANCIS XAVIER (FRANK)",LOST-PRIMARY,LOST,REPUBLICAN,REPUBLICAN,NC,2010,STANDARD,US HOUSE DISTRICT NC 004,OPEN,176.00,94711.00
"FOXX, VIRGINIA",WON-GENERAL,WON,REPUBLICAN,REPUBLICAN,NC,2010,STANDARD,US HOUSE DISTRICT NC 005,INCUMBENT,1215.00,832784.00
"GARDNER, KEITH",LOST-PRIMARY,LOST,REPUBLICAN,REPUBLICAN,NC,2010,STANDARD,US HOUSE DISTRICT NC 005,CHALLENGER,0.00,0.00
"KENNEDY, BILLY",LOST-GENERAL,LOST,DEMOCRATIC,DEMOCRATIC,NC,2010,STANDARD,US HOUSE DISTRICT NC 005,CHALLENGER,612.00,338870.00
"COBLE, HOWARD",WON-GENERAL,WON,REPUBLICAN,REPUBLICAN,NC,2010,STANDARD,US HOUSE DISTRICT NC 006,INCUMBENT,482.00,485848.00
"HINSON, CATHY BREWER",LOST-PRIMARY,LOST,REPUBLICAN,REPUBLICAN,NC,2010,STANDARD,US HOUSE DISTRICT NC 006,CHALLENGER,0.00,0.00
"MANGIN, JON",LOST-PRIMARY,LOST,REPUBLICAN,REPUBLICAN,NC,2010,STANDARD,US HOUSE DISTRICT NC 006,CHALLENGER,9.00,5250.00
"PHILLIPS, JEFFREY MARLIN (JEFF)",LOST-PRIMARY,LOST,REPUBLICAN,REPUBLICAN,NC,2010,STANDARD,US HOUSE DISTRICT NC 006,CHALLENGER,15.00,8648.00
"TAYLOR, JAMES",LOST-PRIMARY,LOST,REPUBLICAN,REPUBLICAN,NC,2010,STANDARD,US HOUSE DISTRICT NC 006,CHALLENGER,47.00,122990.00
"TURNER, SAM",LOST-GENERAL,LOST,DEMOCRATIC,DEMOCRATIC,NC,2010,STANDARD,US HOUSE DISTRICT NC 006,CHALLENGER,7.00,2775.00
"YOW, BILLY",LOST-PRIMARY,LOST,REPUBLICAN,REPUBLICAN,NC,2010,STANDARD,US HOUSE DISTRICT NC 006,CHALLENGER,62.00,64471.00
"BREAZEALE, WILLIAM JAMES",LOST-PRIMARY,LOST,REPUBLICAN,REPUBLICAN,NC,2010,STANDARD,US HOUSE DISTRICT NC 007,OPEN,62.00,51059.00
"CROW, RANDY",LOST-PRIMARY,LOST,REPUBLICAN,REPUBLICAN,NC,2010,STANDARD,US HOUSE DISTRICT NC 007,OPEN,0.00,0.00
"MCINTYRE, MIKE",WON-GENERAL,WON,DEMOCRATIC,DEMOCRATIC,NC,2010,STANDARD,US HOUSE DISTRICT NC 007,INCUMBENT,1444.00,1307806.00
"PANTANO, ILARIO GREGORY",LOST-GENERAL,LOST,REPUBLICAN,REPUBLICAN,NC,2010,STANDARD,US HOUSE DISTRICT NC 007,CHALLENGER,1314.00,1234707.00
"CORNELISON, LEE",LOST-PRIMARY,LOST,REPUBLICAN,REPUBLICAN,NC,2010,STANDARD,US HOUSE DISTRICT NC 008,OPEN,27.00,20531.00
"DANNUNZIO, TIMOTHY BRUCE",LOST-PRIMARY RUNOFF,LOST,REPUBLICAN,REPUBLICAN,NC,2010,STANDARD,US HOUSE DISTRICT NC 008,OPEN,283.00,1551056.00
"DAY, DARRELL",LOST-PRIMARY,LOST,REPUBLICAN,REPUBLICAN,NC,2010,STANDARD,US HOUSE DISTRICT NC 008,OPEN,12.00,25789.00
"GRAVES, ANTHONY W",LOST-GENERAL,LOST,WRITEIN,THIRD-PARTY,NC,2010,STANDARD,US HOUSE DISTRICT NC 008,CHALLENGER,0.00,0.00
"HILL, THOMAS B",LOST-GENERAL,LOST,LIBERTARIAN,THIRD-PARTY,NC,2010,STANDARD,US HOUSE DISTRICT NC 008,CHALLENGER,0.00,0.00
"HUDDLESTON, LOU",LOST-PRIMARY,LOST,REPUBLICAN,REPUBLICAN,NC,2010,STANDARD,US HOUSE DISTRICT NC 008,OPEN,243.00,209894.00
"JOHNSON, HAROLD NELSON",LOST-GENERAL,LOST,REPUBLICAN,REPUBLICAN,NC,2010,STANDARD,US HOUSE DISTRICT NC 008,CHALLENGER,529.00,1076451.00
"JORDAN, HAL",LOST-PRIMARY,LOST,REPUBLICAN,REPUBLICAN,NC,2010,STANDARD,US HOUSE DISTRICT NC 008,OPEN,96.00,209029.00
"KISSELL, LARRY W",WON-GENERAL,WON,DEMOCRATIC,DEMOCRATIC,NC,2010,STANDARD,US HOUSE DISTRICT NC 008,INCUMBENT,1061.00,1120022.00
"SHAKIR, NANCY CLARK",LOST-PRIMARY,LOST,DEMOCRATIC,DEMOCRATIC,NC,2010,STANDARD,US HOUSE DISTRICT NC 008,CHALLENGER,30.00,5294.00
"DOCTOR, JEFF",LOST-GENERAL,LOST,DEMOCRATIC,DEMOCRATIC,NC,2010,STANDARD,US HOUSE DISTRICT NC 009,CHALLENGER,148.00,111256.00
"MYRICK, SUE",WON-GENERAL,WON,REPUBLICAN,REPUBLICAN,NC,2010,STANDARD,US HOUSE DISTRICT NC 009,INCUMBENT,1370.00,1032465.00
"BOLDON, DAVID MICHAEL",LOST-PRIMARY,LOST,REPUBLICAN,REPUBLICAN,NC,2010,STANDARD,US HOUSE DISTRICT NC 010,CHALLENGER,0.00,0.00
"FISCHER, ANNE N",LOST-PRIMARY,LOST,DEMOCRATIC,DEMOCRATIC,NC,2010,STANDARD,US HOUSE DISTRICT NC 010,OPEN,0.00,0.00
"GREGORY, JEFF",LOST-GENERAL,LOST,DEMOCRATIC,DEMOCRATIC,NC,2010,STANDARD,US HOUSE DISTRICT NC 010,CHALLENGER,0.00,0.00
"KEADLE, SCOTT",LOST-PRIMARY,LOST,REPUBLICAN,REPUBLICAN,NC,2010,STANDARD,US HOUSE DISTRICT NC 010,CHALLENGER,67.00,75548.00
"MCHENRY, PATRICK TIMOTHY",WON-GENERAL,WON,REPUBLICAN,REPUBLICAN,NC,2010,STANDARD,US HOUSE DISTRICT NC 010,INCUMBENT,1026.00,809221.00
"PATTERSON, VANCE MARTIN",LOST-PRIMARY,LOST,REPUBLICAN,REPUBLICAN,NC,2010,STANDARD,US HOUSE DISTRICT NC 010,CHALLENGER,18.00,283230.00
"EICHENBAUM, DAN",LOST-PRIMARY,LOST,REPUBLICAN,REPUBLICAN,NC,2010,STANDARD,US HOUSE DISTRICT NC 011,OPEN,39.00,139829.00
"HOWARD, JAMES (JAKE)",LOST-PRIMARY,LOST,REPUBLICAN,REPUBLICAN,NC,2010,STANDARD,US HOUSE DISTRICT NC 011,OPEN,0.00,0.00
"KRAUSE, ED",LOST-PRIMARY,LOST,REPUBLICAN,REPUBLICAN,NC,2010,STANDARD,US HOUSE DISTRICT NC 011,OPEN,0.00,0.00
"MILLER, JEFF",LOST-GENERAL,LOST,REPUBLICAN,REPUBLICAN,NC,2010,STANDARD,US HOUSE DISTRICT NC 011,CHALLENGER,1201.00,771102.00
"NEWMAN, GREGORY A",LOST-PRIMARY,LOST,REPUBLICAN,REPUBLICAN,NC,2010,STANDARD,US HOUSE DISTRICT NC 011,OPEN,28.00,44195.00
"SHULER, HEATH",WON-GENERAL,WON,DEMOCRATIC,DEMOCRATIC,NC,2010,STANDARD,US HOUSE DISTRICT NC 011,INCUMBENT,987.00,1298106.00
"WEST, KENNY",LOST-PRIMARY,LOST,REPUBLICAN,REPUBLICAN,NC,2010,STANDARD,US HOUSE DISTRICT NC 011,OPEN,0.00,0.00
"WILSON, AIXA",LOST-PRIMARY,LOST,DEMOCRATIC,DEMOCRATIC,NC,2010,STANDARD,US HOUSE DISTRICT NC 011,CHALLENGER,0.00,0.00
"CECIL, LON",LOST-GENERAL,LOST,LIBERTARIAN,THIRD-PARTY,NC,2010,STANDARD,US HOUSE DISTRICT NC 012,CHALLENGER,23.00,13041.00
"CUMBIE, SCOTT",LOST-PRIMARY RUNOFF,LOST,REPUBLICAN,REPUBLICAN,NC,2010,STANDARD,US HOUSE DISTRICT NC 012,OPEN,0.00,0.00
"DORITY, GREG",LOST-GENERAL,LOST,REPUBLICAN,REPUBLICAN,NC,2010,STANDARD,US HOUSE DISTRICT NC 012,CHALLENGER,0.00,0.00
"GILLENWATER, (DOC) WILLIAM",LOST-PRIMARY,LOST,REPUBLICAN,REPUBLICAN,NC,2010,STANDARD,US HOUSE DISTRICT NC 012,OPEN,0.00,0.00
"WATT, MEL",WON-GENERAL,WON,DEMOCRATIC,DEMOCRATIC,NC,2010,STANDARD,US HOUSE DISTRICT NC 012,INCUMBENT,452.00,601192.00
"HUFFMAN, DAN",LOST-PRIMARY,LOST,REPUBLICAN,REPUBLICAN,NC,2010,STANDARD,US HOUSE DISTRICT NC 013,OPEN,57.00,42382.00
"HURLEY, FRANK",LOST-PRIMARY,LOST,REPUBLICAN,REPUBLICAN,NC,2010,STANDARD,US HOUSE DISTRICT NC 013,OPEN,0.00,0.00
"MILLER, BRAD",WON-GENERAL,WON,DEMOCRATIC,DEMOCRATIC,NC,2010,STANDARD,US HOUSE DISTRICT NC 013,INCUMBENT,1265.00,926583.00
"RANDALL, WILLIAM (BILL)",LOST-GENERAL,LOST,REPUBLICAN,REPUBLICAN,NC,2010,STANDARD,US HOUSE DISTRICT NC 013,CHALLENGER,351.00,201627.00
"REEVES, BERNIE",LOST-PRIMARY RUNOFF,LOST,REPUBLICAN,REPUBLICAN,NC,2010,STANDARD,US HOUSE DISTRICT NC 013,OPEN,545.00,266988.00
"BEITLER, MICHAEL",LOST-GENERAL,LOST,LIBERTARIAN,THIRD-PARTY,NC,2010,STANDARD,US SENATE DISTRICT NC SW-CLASS III,CHALLENGER,28.00,16570.00
"BURKS, EDDIE",LOST-PRIMARY,LOST,REPUBLICAN,REPUBLICAN,NC,2010,STANDARD,US SENATE DISTRICT NC SW-CLASS III,CHALLENGER,133.00,20836.00
"BURR, RICHARD MAUZE",WON-GENERAL,WON,REPUBLICAN,REPUBLICAN,NC,2010,STANDARD,US SENATE DISTRICT NC SW-CLASS III,INCUMBENT,18241.00,12525731.00
"CUNNINGHAM III, JAMES CALVIN (CAL)",LOST-PRIMARY RUNOFF,LOST,DEMOCRATIC,DEMOCRATIC,NC,2010,STANDARD,US SENATE DISTRICT NC SW-CLASS III,OPEN,1478.00,1354279.00
"GENAY, MICHAEL",LOST-GENERAL,LOST,WRITEIN,THIRD-PARTY,NC,2010,STANDARD,US SENATE DISTRICT NC SW-CLASS III,CHALLENGER,0.00,0.00
"HARRIS, SUSAN",LOST-PRIMARY,LOST,DEMOCRATIC,DEMOCRATIC,NC,2010,STANDARD,US SENATE DISTRICT NC SW-CLASS III,OPEN,0.00,0.00
"JONES, BRAD",LOST-PRIMARY,LOST,REPUBLICAN,REPUBLICAN,NC,2010,STANDARD,US SENATE DISTRICT NC SW-CLASS III,CHALLENGER,0.00,0.00
"LEWIS, KEN",LOST-PRIMARY,LOST,DEMOCRATIC,DEMOCRATIC,NC,2010,STANDARD,US SENATE DISTRICT NC SW-CLASS III,OPEN,1798.00,529410.00
"LINNEY, LARRY",LOST-PRIMARY,LOST,REPUBLICAN,REPUBLICAN,NC,2010,STANDARD,US SENATE DISTRICT NC SW-CLASS III,CHALLENGER,0.00,0.00
"MARSHALL, ELAINE F",LOST-GENERAL,LOST,DEMOCRATIC,DEMOCRATIC,NC,2010,STANDARD,US SENATE DISTRICT NC SW-CLASS III,CHALLENGER,4590.00,2882344.00
"NOLAN, JIM",LOST-GENERAL,LOST,WRITEIN,THIRD-PARTY,NC,2010,STANDARD,US SENATE DISTRICT NC SW-CLASS III,CHALLENGER,0.00,0.00
"WILLIAMS, MARCUS W",LOST-PRIMARY,LOST,DEMOCRATIC,DEMOCRATIC,NC,2010,STANDARD,US SENATE DISTRICT NC SW-CLASS III,OPEN,62.00,8532.00
"WORTHY, ANN",LOST-PRIMARY,LOST,DEMOCRATIC,DEMOCRATIC,NC,2010,STANDARD,US SENATE DISTRICT NC SW-CLASS III,OPEN,44.00,4565.00
"BUTTERFIELD JR, GEORGE KENNETH (GK)",WON-GENERAL,WON,DEMOCRATIC,DEMOCRATIC,NC,2012,STANDARD,US HOUSE DISTRICT NC 001,INCUMBENT,889.00,899936.00
"DILAURO, PETE",LOST-GENERAL,LOST,REPUBLICAN,REPUBLICAN,NC,2012,STANDARD,US HOUSE DISTRICT NC 001,CHALLENGER,0.00,0.00
"HOLLOMAN, DARRYL",LOST-GENERAL,LOST,LIBERTARIAN,THIRD-PARTY,NC,2012,STANDARD,US HOUSE DISTRICT NC 001,CHALLENGER,0.00,0.00
"WHITTACRE, DANIEL-LYNN (DAN)",LOST-PRIMARY,LOST,DEMOCRATIC,DEMOCRATIC,NC,2012,STANDARD,US HOUSE DISTRICT NC 001,CHALLENGER,0.00,0.00
"BIBBS, JIM",LOST-PRIMARY,LOST,DEMOCRATIC,DEMOCRATIC,NC,2012,STANDARD,US HOUSE DISTRICT NC 002,OPEN,0.00,0.00
"ELLMERS, RENEE",WON-GENERAL,WON,REPUBLICAN,REPUBLICAN,NC,2012,STANDARD,US HOUSE DISTRICT NC 002,INCUMBENT,1380.00,1132973.00
"HOLMES, SONYA",LOST-PRIMARY,LOST,REPUBLICAN,REPUBLICAN,NC,2012,STANDARD,US HOUSE DISTRICT NC 002,CHALLENGER,32.00,5903.00
"IRVING, BRIAN",LOST-GENERAL,LOST,LIBERTARIAN,THIRD-PARTY,NC,2012,STANDARD,US HOUSE DISTRICT NC 002,CHALLENGER,0.00,0.00
"MORRIS, ANTOINETTE KEITH (TONI)",LOST-PRIMARY,LOST,DEMOCRATIC,DEMOCRATIC,NC,2012,STANDARD,US HOUSE DISTRICT NC 002,OPEN,26.00,7504.00
"MUNNO, CLEMENT F",LOST-PRIMARY,LOST,REPUBLICAN,REPUBLICAN,NC,2012,STANDARD,US HOUSE DISTRICT NC 002,CHALLENGER,69.00,16156.00
"SPEER, RICHARD",LOST-PRIMARY,LOST,REPUBLICAN,REPUBLICAN,NC,2012,STANDARD,US HOUSE DISTRICT NC 002,CHALLENGER,19.00,44660.00
"WILKINS, STEVE",LOST-GENERAL,LOST,DEMOCRATIC,DEMOCRATIC,NC,2012,STANDARD,US HOUSE DISTRICT NC 002,CHALLENGER,172.00,87054.00
"ANDERSON, ERIK STEVEN",LOST-GENERAL,LOST,DEMOCRATIC,DEMOCRATIC,NC,2012,STANDARD,US HOUSE DISTRICT NC 003,CHALLENGER,55.00,15672.00
"JONES, WALTER B",WON-GENERAL,WON,REPUBLICAN,REPUBLICAN,NC,2012,STANDARD,US HOUSE DISTRICT NC 003,INCUMBENT,860.00,713191.00
"PALOMBO, FRANK",LOST-PRIMARY,LOST,REPUBLICAN,REPUBLICAN,NC,2012,STANDARD,US HOUSE DISTRICT NC 003,CHALLENGER,117.00,84079.00
"ALLEN, JIM",LOST-PRIMARY,LOST,REPUBLICAN,REPUBLICAN,NC,2012,STANDARD,US HOUSE DISTRICT NC 004,OPEN,0.00,0.00
"DANNUNZIO, TIMOTHY BRUCE",LOST-GENERAL,LOST,REPUBLICAN,REPUBLICAN,NC,2012,STANDARD,US HOUSE DISTRICT NC 004,CHALLENGER,61.00,1222743.00
"HUTCHINS, GEORGE FRANK",LOST-PRIMARY,LOST,REPUBLICAN,REPUBLICAN,NC,2012,STANDARD,US HOUSE DISTRICT NC 004,OPEN,0.00,0.00
"PRICE, DAVID E",WON-GENERAL,WON,DEMOCRATIC,DEMOCRATIC,NC,2012,STANDARD,US HOUSE DISTRICT NC 004,INCUMBENT,1561.00,1147338.00
"FOXX, VIRGINIA",WON-GENERAL,WON,REPUBLICAN,REPUBLICAN,NC,2012,STANDARD,US HOUSE DISTRICT NC 005,INCUMBENT,1270.00,961817.00
"MOTSINGER, ELISABETH",LOST-GENERAL,LOST,DEMOCRATIC,DEMOCRATIC,NC,2012,STANDARD,US HOUSE DISTRICT NC 005,CHALLENGER,290.00,146097.00
"PELLER, BRUCE GARY",LOST-PRIMARY,LOST,DEMOCRATIC,DEMOCRATIC,NC,2012,STANDARD,US HOUSE DISTRICT NC 005,OPEN,15.00,43906.00
"COBLE, HOWARD",WON-GENERAL,WON,REPUBLICAN,REPUBLICAN,NC,2012,STANDARD,US HOUSE DISTRICT NC 006,INCUMBENT,523.00,539396.00
"FLYNN, BILL",LOST-PRIMARY,LOST,REPUBLICAN,REPUBLICAN,NC,2012,STANDARD,US HOUSE DISTRICT NC 006,CHALLENGER,23.00,45581.00
"FORIEST, TONY",LOST-GENERAL,LOST,DEMOCRATIC,DEMOCRATIC,NC,2012,STANDARD,US HOUSE DISTRICT NC 006,CHALLENGER,42.00,46219.00
"YOW, BILLY",LOST-PRIMARY,LOST,REPUBLICAN,REPUBLICAN,NC,2012,STANDARD,US HOUSE DISTRICT NC 006,CHALLENGER,43.00,45296.00
"CROW, RANDY",LOST-PRIMARY,LOST,REPUBLICAN,REPUBLICAN,NC,2012,STANDARD,US HOUSE DISTRICT NC 007,OPEN,0.00,0.00
"MCINTYRE, MIKE",WON-GENERAL,WON,DEMOCRATIC,DEMOCRATIC,NC,2012,STANDARD,US HOUSE DISTRICT NC 007,INCUMBENT,2287.00,2317748.00
"PANTANO, ILARIO GREGORY",LOST-PRIMARY,LOST,REPUBLICAN,REPUBLICAN,NC,2012,STANDARD,US HOUSE DISTRICT NC 007,OPEN,2455.00,466305.00
"ROUZER, DAVID CHESTON",LOST-GENERAL,LOST,REPUBLICAN,REPUBLICAN,NC,2012,STANDARD,US HOUSE DISTRICT NC 007,CHALLENGER,1812.00,1476578.00
"BLUE, ANTONIO",LOST-GENERAL,LOST,WRITEIN,THIRD-PARTY,NC,2012,STANDARD,US HOUSE DISTRICT NC 008,CHALLENGER,46.00,4466.00
"HUDSON JR, RICHARD LANE",WON-GENERAL,WON,REPUBLICAN,REPUBLICAN,NC,2012,STANDARD,US HOUSE DISTRICT NC 008,CHALLENGER,1571.00,1523712.00
"KEADLE, SCOTT",LOST-PRIMARY RUNOFF,LOST,REPUBLICAN,REPUBLICAN,NC,2012,STANDARD,US HOUSE DISTRICT NC 008,OPEN,482.00,694140.00
"KISSELL, LARRY W",LOST-GENERAL,LOST,DEMOCRATIC,DEMOCRATIC,NC,2012,STANDARD,US HOUSE DISTRICT NC 008,INCUMBENT,1337.00,1371799.00
"ROBINSON, VERNON L",LOST-PRIMARY,LOST,REPUBLICAN,REPUBLICAN,NC,2012,STANDARD,US HOUSE DISTRICT NC 008,OPEN,1017.00,1077407.00
"STEEN II, FRED F",LOST-PRIMARY,LOST,REPUBLICAN,REPUBLICAN,NC,2012,STANDARD,US HOUSE DISTRICT NC 008,OPEN,114.00,88570.00
"WHITLEY, JOHN MATTHEW",LOST-PRIMARY,LOST,REPUBLICAN,REPUBLICAN,NC,2012,STANDARD,US HOUSE DISTRICT NC 008,OPEN,42.00,234001.00
"WILLIAMS, MARCUS W",LOST-PRIMARY,LOST,DEMOCRATIC,DEMOCRATIC,NC,2012,STANDARD,US HOUSE DISTRICT NC 008,CHALLENGER,97.00,17370.00
"BARRY, DANIEL B",LOST-PRIMARY,LOST,REPUBLICAN,REPUBLICAN,NC,2012,STANDARD,US HOUSE DISTRICT NC 009,OPEN,343.00,493508.00
"CAMPBELL, CURTIS",LOST-GENERAL,LOST,LIBERTARIAN,THIRD-PARTY,NC,2012,STANDARD,US HOUSE DISTRICT NC 009,OPEN,0.00,0.00
"DULIN, ANDY T",LOST-PRIMARY,LOST,REPUBLICAN,REPUBLICAN,NC,2012,STANDARD,US HOUSE DISTRICT NC 009,OPEN,63.00,50301.00
"GAUTHIER, JON",LOST-PRIMARY,LOST,REPUBLICAN,REPUBLICAN,NC,2012,STANDARD,US HOUSE DISTRICT NC 009,OPEN,43.00,35486.00
"KILLIAN, RICHARD (RIC)",LOST-PRIMARY,LOST,REPUBLICAN,REPUBLICAN,NC,2012,STANDARD,US HOUSE DISTRICT NC 009,OPEN,102.00,80879.00
"LEONCZYK, KEN",LOST-PRIMARY,LOST,REPUBLICAN,REPUBLICAN,NC,2012,STANDARD,US HOUSE DISTRICT NC 009,OPEN,83.00,57149.00
"LYNCH, RICHARD",LOST-PRIMARY,LOST,REPUBLICAN,REPUBLICAN,NC,2012,STANDARD,US HOUSE DISTRICT NC 009,OPEN,0.00,0.00
"PEACOCK III, EDWIN B",LOST-PRIMARY,LOST,REPUBLICAN,REPUBLICAN,NC,2012,STANDARD,US HOUSE DISTRICT NC 009,OPEN,169.00,-51438.00
"PENDERGRAPH, JIM",LOST-PRIMARY RUNOFF,LOST,REPUBLICAN,REPUBLICAN,NC,2012,STANDARD,US HOUSE DISTRICT NC 009,OPEN,831.00,410839.00
"PITTENGER, ROBERT M",WON-GENERAL,WON,REPUBLICAN,REPUBLICAN,NC,2012,STANDARD,US HOUSE DISTRICT NC 009,OPEN,1159.00,3267955.00
"ROBERTS, JENNIFER",LOST-GENERAL,LOST,DEMOCRATIC,DEMOCRATIC,NC,2012,STANDARD,US HOUSE DISTRICT NC 009,OPEN,1048.00,594305.00
"SHAFFER, MICHAEL",LOST-PRIMARY,LOST,REPUBLICAN,REPUBLICAN,NC,2012,STANDARD,US HOUSE DISTRICT NC 009,OPEN,7.00,11050.00
"STEINBERG, MICHAEL D (MIKE)",LOST-PRIMARY,LOST,REPUBLICAN,REPUBLICAN,NC,2012,STANDARD,US HOUSE DISTRICT NC 009,OPEN,0.00,0.00
"BELLAMY, TERRY MICHELLE",LOST-PRIMARY,LOST,DEMOCRATIC,DEMOCRATIC,NC,2012,STANDARD,US HOUSE DISTRICT NC 010,OPEN,347.00,255047.00
"FORTENBERRY, KEN H",LOST-PRIMARY,LOST,REPUBLICAN,REPUBLICAN,NC,2012,STANDARD,US HOUSE DISTRICT NC 010,CHALLENGER,15.00,6297.00
"KEEVER, PATSY",LOST-GENERAL,LOST,DEMOCRATIC,DEMOCRATIC,NC,2012,STANDARD,US HOUSE DISTRICT NC 010,CHALLENGER,854.00,402121.00
"MCHENRY, PATRICK TIMOTHY",WON-GENERAL,WON,REPUBLICAN,REPUBLICAN,NC,2012,STANDARD,US HOUSE DISTRICT NC 010,INCUMBENT,1067.00,1189507.00
"MURPHY, TIMOTHY",LOST-PRIMARY,LOST,DEMOCRATIC,DEMOCRATIC,NC,2012,STANDARD,US HOUSE DISTRICT NC 010,OPEN,5.00,2655.00
"PETERSON, DON",LOST-PRIMARY,LOST,REPUBLICAN,REPUBLICAN,NC,2012,STANDARD,US HOUSE DISTRICT NC 010,CHALLENGER,0.00,0.00
"BOTHWELL, CECIL",LOST-PRIMARY,LOST,DEMOCRATIC,DEMOCRATIC,NC,2012,STANDARD,US HOUSE DISTRICT NC 011,OPEN,1199.00,94664.00
"CAMPBELL, SPENCE",LOST-PRIMARY,LOST,REPUBLICAN,REPUBLICAN,NC,2012,STANDARD,US HOUSE DISTRICT NC 011,OPEN,24.00,-3686.00
"HARRIS, SUSAN",LOST-PRIMARY,LOST,REPUBLICAN,REPUBLICAN,NC,2012,STANDARD,US HOUSE DISTRICT NC 011,OPEN,0.00,0.00
"HILL, THOMAS WADDELL (TOM)",LOST-PRIMARY,LOST,DEMOCRATIC,DEMOCRATIC,NC,2012,STANDARD,US HOUSE DISTRICT NC 011,OPEN,0.00,0.00
"HUNT, JEFF",LOST-PRIMARY,LOST,REPUBLICAN,REPUBLICAN,NC,2012,STANDARD,US HOUSE DISTRICT NC 011,OPEN,209.00,165365.00
"MEADOWS, MARK RANDAL",WON-GENERAL,WON,REPUBLICAN,REPUBLICAN,NC,2012,STANDARD,US HOUSE DISTRICT NC 011,OPEN,963.00,1127952.00
"PATTERSON, VANCE MARTIN",LOST-PRIMARY RUNOFF,LOST,REPUBLICAN,REPUBLICAN,NC,2012,STANDARD,US HOUSE DISTRICT NC 011,OPEN,36.00,404088.00
"PETRELLA, CHRIS",LOST-PRIMARY,LOST,REPUBLICAN,REPUBLICAN,NC,2012,STANDARD,US HOUSE DISTRICT NC 011,OPEN,24.00,55250.00
"ROGERS, HAYDEN",LOST-GENERAL,LOST,DEMOCRATIC,DEMOCRATIC,NC,2012,STANDARD,US HOUSE DISTRICT NC 011,OPEN,722.00,766837.00
"WEST, KENNY",LOST-PRIMARY,LOST,REPUBLICAN,REPUBLICAN,NC,2012,STANDARD,US HOUSE DISTRICT NC 011,OPEN,31.00,7395.00
"WINGFIELD, ETHAN",LOST-PRIMARY,LOST,REPUBLICAN,REPUBLICAN,NC,2012,STANDARD,US HOUSE DISTRICT NC 011,OPEN,206.00,259403.00
"BROSCH, JACK",LOST-GENERAL,LOST,REPUBLICAN,REPUBLICAN,NC,2012,STANDARD,US HOUSE DISTRICT NC 012,CHALLENGER,15.00,13895.00
"NEWTON, MATTHEW DENNIS (MATT)",LOST-PRIMARY,LOST,DEMOCRATIC,DEMOCRATIC,NC,2012,STANDARD,US HOUSE DISTRICT NC 012,CHALLENGER,0.00,0.00
"WATT, MEL",WON-GENERAL,WON,DEMOCRATIC,DEMOCRATIC,NC,2012,STANDARD,US HOUSE DISTRICT NC 012,INCUMBENT,607.00,831772.00
"COBLE, PAUL Y",LOST-PRIMARY,LOST,REPUBLICAN,REPUBLICAN,NC,2012,STANDARD,US HOUSE DISTRICT NC 013,OPEN,412.00,281774.00
"HOLDING, GEORGE EDWARD BELL",WON-GENERAL,WON,REPUBLICAN,REPUBLICAN,NC,2012,STANDARD,US HOUSE DISTRICT NC 013,OPEN,1769.00,1731716.00
"HOLLIDAY, BERNARD A",LOST-PRIMARY,LOST,DEMOCRATIC,DEMOCRATIC,NC,2012,STANDARD,US HOUSE DISTRICT NC 013,OPEN,3.00,1306.00
"MALONE, CHARLES J",LOST-GENERAL,LOST,DEMOCRATIC,DEMOCRATIC,NC,2012,STANDARD,US HOUSE DISTRICT NC 013,OPEN,41.00,18250.00
"RANDALL, WILLIAM (BILL)",LOST-PRIMARY,LOST,REPUBLICAN,REPUBLICAN,NC,2012,STANDARD,US HOUSE DISTRICT NC 013,OPEN,49.00,30811.00
"BUTTERFIELD JR, GEORGE KENNETH (GK)",WON-GENERAL,WON,DEMOCRATIC,DEMOCRATIC,NC,2014,STANDARD,US HOUSE DISTRICT NC 001,INCUMBENT,422.00,532059.00
"RICH, ARTHUR JASON",LOST-GENERAL,LOST,REPUBLICAN,REPUBLICAN,NC,2014,STANDARD,US HOUSE DISTRICT NC 001,CHALLENGER,56.00,12632.00
"SHYPULEFSKI, JOHN BRENT",LOST-PRIMARY,LOST,REPUBLICAN,REPUBLICAN,NC,2014,STANDARD,US HOUSE DISTRICT NC 001,OPEN,3.00,3280.00
"WHITTACRE, DANIEL-LYNN (DAN)",LOST-PRIMARY,LOST,DEMOCRATIC,DEMOCRATIC,NC,2014,STANDARD,US HOUSE DISTRICT NC 001,CHALLENGER,0.00,0.00
"AIKEN, CLAYTON HOLMES",LOST-GENERAL,LOST,DEMOCRATIC,DEMOCRATIC,NC,2014,STANDARD,US HOUSE DISTRICT NC 002,CHALLENGER,4031.00,1175298.00
"CRISCO SR, JOHN KEITH",LOST-PRIMARY,LOST,DEMOCRATIC,DEMOCRATIC,NC,2014,STANDARD,US HOUSE DISTRICT NC 002,OPEN,375.00,893018.00
"ELLMERS, RENEE",WON-GENERAL,WON,REPUBLICAN,REPUBLICAN,NC,2014,STANDARD,US HOUSE DISTRICT NC 002,INCUMBENT,1668.00,1836602.00
"MORRIS, ANTOINETTE KEITH (TONI)",LOST-PRIMARY,LOST,DEMOCRATIC,DEMOCRATIC,NC,2014,STANDARD,US HOUSE DISTRICT NC 002,OPEN,0.00,0.00
"ROCHE, FRANCIS XAVIER (FRANK)",LOST-PRIMARY,LOST,REPUBLICAN,REPUBLICAN,NC,2014,STANDARD,US HOUSE DISTRICT NC 002,CHALLENGER,249.00,55386.00
"ADAME, MARSHALL",LOST-GENERAL,LOST,DEMOCRATIC,DEMOCRATIC,NC,2014,STANDARD,US HOUSE DISTRICT NC 003,CHALLENGER,46.00,25388.00
"GRIFFIN, WILLIAM TAYLOR",LOST-PRIMARY,LOST,REPUBLICAN,REPUBLICAN,NC,2014,STANDARD,US HOUSE DISTRICT NC 003,CHALLENGER,269.00,301104.00
"JONES, WALTER B",WON-GENERAL,WON,REPUBLICAN,REPUBLICAN,NC,2014,STANDARD,US HOUSE DISTRICT NC 003,INCUMBENT,627.00,435353.00
"NOVINEC, ALBIN DENNIS",LOST-PRIMARY,LOST,REPUBLICAN,REPUBLICAN,NC,2014,STANDARD,US HOUSE DISTRICT NC 003,CHALLENGER,0.00,0.00
"PRICE, DAVID E",WON-GENERAL,WON,DEMOCRATIC,DEMOCRATIC,NC,2014,STANDARD,US HOUSE DISTRICT NC 004,INCUMBENT,952.00,838259.00
"WRIGHT, PAUL MICHAEL",LOST-GENERAL,LOST,REPUBLICAN,REPUBLICAN,NC,2014,STANDARD,US HOUSE DISTRICT NC 004,CHALLENGER,0.00,0.00
"BRANNON, JOSHUA ETHAN",LOST-GENERAL,LOST,DEMOCRATIC,DEMOCRATIC,NC,2014,STANDARD,US HOUSE DISTRICT NC 005,CHALLENGER,51.00,11006.00
"DOYLE, PHILIP GERARD",LOST-PRIMARY,LOST,REPUBLICAN,REPUBLICAN,NC,2014,STANDARD,US HOUSE DISTRICT NC 005,CHALLENGER,0.00,0.00
"FOXX, VIRGINIA",WON-GENERAL,WON,REPUBLICAN,REPUBLICAN,NC,2014,STANDARD,US HOUSE DISTRICT NC 005,INCUMBENT,1454.00,1260344.00
"HENLEY, GARDENIA MAE",LOST-PRIMARY RUNOFF,LOST,DEMOCRATIC,DEMOCRATIC,NC,2014,STANDARD,US HOUSE DISTRICT NC 005,OPEN,9.00,5894.00
"HOLLEMAN, MICHAEL WAYNE",LOST-PRIMARY,LOST,DEMOCRATIC,DEMOCRATIC,NC,2014,STANDARD,US HOUSE DISTRICT NC 005,OPEN,3.00,1055.00
"STINSON, WILLIAM CLINTON",LOST-PRIMARY,LOST,DEMOCRATIC,DEMOCRATIC,NC,2014,STANDARD,US HOUSE DISTRICT NC 005,OPEN,0.00,0.00
"BERGER JR, PHILIP EDWARD",LOST-PRIMARY RUNOFF,LOST,REPUBLICAN,REPUBLICAN,NC,2014,STANDARD,US HOUSE DISTRICT NC 006,OPEN,489.00,564855.00
"CAUSEY, JOHN MICHAEL (MIKE)",LOST-PRIMARY,LOST,REPUBLICAN,REPUBLICAN,NC,2014,STANDARD,US HOUSE DISTRICT NC 006,OPEN,17.00,13425.00
"DAVIS SR, BRUCE EDWARD",LOST-PRIMARY,LOST,DEMOCRATIC,DEMOCRATIC,NC,2014,STANDARD,US HOUSE DISTRICT NC 006,OPEN,20.00,22524.00
"FJELD, LAURA BERNSTEIN",LOST-GENERAL,LOST,DEMOCRATIC,DEMOCRATIC,NC,2014,STANDARD,US HOUSE DISTRICT NC 006,OPEN,1566.00,824764.00
"KOPF, KENNETH ALBERT",LOST-PRIMARY,LOST,REPUBLICAN,REPUBLICAN,NC,2014,STANDARD,US HOUSE DISTRICT NC 006,OPEN,2.00,200.00
"MATHENY, BRYAN ZACHERY",LOST-PRIMARY,LOST,REPUBLICAN,REPUBLICAN,NC,2014,STANDARD,US HOUSE DISTRICT NC 006,OPEN,428.00,293025.00
"PHILLIPS, JEFFREY MARLIN (JEFF)",LOST-PRIMARY,LOST,REPUBLICAN,REPUBLICAN,NC,2014,STANDARD,US HOUSE DISTRICT NC 006,OPEN,55.00,112035.00
"SUTHERLAND JR, CHARLES TAYLOR (CHARLIE)",LOST-PRIMARY,LOST,REPUBLICAN,REPUBLICAN,NC,2014,STANDARD,US HOUSE DISTRICT NC 006,OPEN,3.00,5221.00
"VONCANNON, BRUCE DOUGLAS",LOST-PRIMARY,LOST,REPUBLICAN,REPUBLICAN,NC,2014,STANDARD,US HOUSE DISTRICT NC 006,OPEN,80.00,514414.00
"WALKER, BRADLEY MARK",WON-GENERAL,WON,REPUBLICAN,REPUBLICAN,NC,2014,STANDARD,US HOUSE DISTRICT NC 006,OPEN,1233.00,835992.00
"WEBB, DONALD MATTHEW",LOST-PRIMARY,LOST,REPUBLICAN,REPUBLICAN,NC,2014,STANDARD,US HOUSE DISTRICT NC 006,OPEN,101.00,122374.00
"ANDRADE, CHRISTOPHER ALEN",LOST-PRIMARY,LOST,REPUBLICAN,REPUBLICAN,NC,2014,STANDARD,US HOUSE DISTRICT NC 007,OPEN,10.00,21234.00
"BARFIELD JR, JONATHAN",LOST-GENERAL,LOST,DEMOCRATIC,DEMOCRATIC,NC,2014,STANDARD,US HOUSE DISTRICT NC 007,OPEN,70.00,55711.00
"CASTEEN JR, JOHN WESLEY",LOST-GENERAL,LOST,LIBERTARIAN,THIRD-PARTY,NC,2014,STANDARD,US HOUSE DISTRICT NC 007,OPEN,34.00,29042.00
"MARTIN JR, WALTER ANTHONY",LOST-PRIMARY,LOST,DEMOCRATIC,DEMOCRATIC,NC,2014,STANDARD,US HOUSE DISTRICT NC 007,OPEN,0.00,0.00
"ROUZER, DAVID CHESTON",WON-GENERAL,WON,REPUBLICAN,REPUBLICAN,NC,2014,STANDARD,US HOUSE DISTRICT NC 007,OPEN,1636.00,1455949.00
"WHITE III, HAYWOOD EDWIN",LOST-PRIMARY,LOST,REPUBLICAN,REPUBLICAN,NC,2014,STANDARD,US HOUSE DISTRICT NC 007,OPEN,724.00,515681.00
"BLUE, ANTONIO",LOST-GENERAL,LOST,DEMOCRATIC,DEMOCRATIC,NC,2014,STANDARD,US HOUSE DISTRICT NC 008,CHALLENGER,103.00,15691.00
"HUDSON JR, RICHARD LANE",WON-GENERAL,WON,REPUBLICAN,REPUBLICAN,NC,2014,STANDARD,US HOUSE DISTRICT NC 008,INCUMBENT,1249.00,1495228.00
"PITTENGER, ROBERT M",WON-GENERAL,WON,REPUBLICAN,REPUBLICAN,NC,2014,STANDARD,US HOUSE DISTRICT NC 009,INCUMBENT,701.00,881805.00
"STEINBERG, MICHAEL D (MIKE)",LOST-PRIMARY,LOST,REPUBLICAN,REPUBLICAN,NC,2014,STANDARD,US HOUSE DISTRICT NC 009,CHALLENGER,2.00,1885.00
"LYNCH, RICHARD JASON",LOST-PRIMARY,LOST,REPUBLICAN,REPUBLICAN,NC,2014,STANDARD,US HOUSE DISTRICT NC 010,CHALLENGER,0.00,0.00
"MACQUEEN IV, PETER TATUM",LOST-GENERAL,LOST,DEMOCRATIC,DEMOCRATIC,NC,2014,STANDARD,US HOUSE DISTRICT NC 010,CHALLENGER,114.00,81688.00
"MCHENRY, PATRICK TIMOTHY",WON-GENERAL,WON,REPUBLICAN,REPUBLICAN,NC,2014,STANDARD,US HOUSE DISTRICT NC 010,INCUMBENT,1284.00,1706111.00
"HILL, THOMAS WADDELL (TOM)",LOST-GENERAL,LOST,DEMOCRATIC,DEMOCRATIC,NC,2014,STANDARD,US HOUSE DISTRICT NC 011,CHALLENGER,19.00,15379.00
"MEADOWS, MARK RANDAL",WON-GENERAL,WON,REPUBLICAN,REPUBLICAN,NC,2014,STANDARD,US HOUSE DISTRICT NC 011,INCUMBENT,557.00,493530.00
"RUEHL, KEITH GARY",LOST-PRIMARY,LOST,DEMOCRATIC,DEMOCRATIC,NC,2014,STANDARD,US HOUSE DISTRICT NC 011,OPEN,61.00,28981.00
"ADAMS, ALMA",WON-GENERAL,WON,DEMOCRATIC,DEMOCRATIC,NC,2014,SPECIAL,US HOUSE DISTRICT NC 012,OPEN,0.00,0.00
"ADAMS, ALMA",WON-GENERAL,WON,DEMOCRATIC,DEMOCRATIC,NC,2014,STANDARD,US HOUSE DISTRICT NC 012,OPEN,1124.00,767316.00
"BATTLE III, GEORGE EDWARD",LOST-PRIMARY,LOST,DEMOCRATIC,DEMOCRATIC,NC,2014,SPECIAL,US HOUSE DISTRICT NC 012,OPEN,0.00,0.00
"BATTLE III, GEORGE EDWARD",LOST-PRIMARY,LOST,DEMOCRATIC,DEMOCRATIC,NC,2014,STANDARD,US HOUSE DISTRICT NC 012,OPEN,518.00,301215.00
"BRANDON JR, KENNETH MARCUS",LOST-PRIMARY,LOST,DEMOCRATIC,DEMOCRATIC,NC,2014,STANDARD,US HOUSE DISTRICT NC 012,OPEN,115.00,44128.00
"BRANDON, MARCUS",LOST-PRIMARY,LOST,DEMOCRATIC,DEMOCRATIC,NC,2014,SPECIAL,US HOUSE DISTRICT NC 012,OPEN,0.00,0.00
"COAKLEY, VINCENT E (VINCE)",LOST-GENERAL,LOST,REPUBLICAN,REPUBLICAN,NC,2014,SPECIAL,US HOUSE DISTRICT NC 012,OPEN,0.00,0.00
"COAKLEY, VINCENT E (VINCE)",LOST-GENERAL,LOST,REPUBLICAN,REPUBLICAN,NC,2014,STANDARD,US HOUSE DISTRICT NC 012,OPEN,343.00,383405.00
"GRAHAM, MALCOLM R",LOST-PRIMARY,LOST,DEMOCRATIC,DEMOCRATIC,NC,2014,SPECIAL,US HOUSE DISTRICT NC 012,OPEN,0.00,0.00
"GRAHAM, MALCOLM R",LOST-PRIMARY,LOST,DEMOCRATIC,DEMOCRATIC,NC,2014,STANDARD,US HOUSE DISTRICT NC 012,OPEN,236.00,214078.00
"MITCHELL JR, JAMES EDWARD (SMUGGIE)",LOST-PRIMARY,LOST,DEMOCRATIC,DEMOCRATIC,NC,2014,SPECIAL,US HOUSE DISTRICT NC 012,OPEN,0.00,0.00
"MITCHELL JR, JAMES EDWARD (SMUGGIE)",LOST-PRIMARY,LOST,DEMOCRATIC,DEMOCRATIC,NC,2014,STANDARD,US HOUSE DISTRICT NC 012,OPEN,8.00,8787.00
"OSBORNE, CURTIS CORNELIUS",LOST-PRIMARY,LOST,DEMOCRATIC,DEMOCRATIC,NC,2014,SPECIAL,US HOUSE DISTRICT NC 012,OPEN,0.00,0.00
"OSBORNE, CURTIS CORNELIUS",LOST-PRIMARY,LOST,DEMOCRATIC,DEMOCRATIC,NC,2014,STANDARD,US HOUSE DISTRICT NC 012,OPEN,200.00,223845.00
"PATEL, RAJIVE KUMAR",LOST-PRIMARY,LOST,DEMOCRATIC,DEMOCRATIC,NC,2014,STANDARD,US HOUSE DISTRICT NC 012,OPEN,0.00,0.00
"THREATT, ARCHIE LEON",LOST-PRIMARY,LOST,REPUBLICAN,REPUBLICAN,NC,2014,STANDARD,US HOUSE DISTRICT NC 012,OPEN,12.00,7930.00
"ALEXANDER III, WILLIAM THEODORE (TED)",LOST-PRIMARY,LOST,REPUBLICAN,REPUBLICAN,NC,2014,STANDARD,US SENATE DISTRICT NC SW-CLASS II,OPEN,39.00,31650.00
"BRADSHAW, ALEX LEE",LOST-PRIMARY,LOST,REPUBLICAN,REPUBLICAN,NC,2014,STANDARD,US SENATE DISTRICT NC SW-CLASS II,OPEN,0.00,0.00
"BRANNON, GREGORY J",LOST-PRIMARY,LOST,REPUBLICAN,REPUBLICAN,NC,2014,STANDARD,US SENATE DISTRICT NC SW-CLASS II,OPEN,3324.00,1146309.00
"DANNUNZIO, TIMOTHY BRUCE",LOST-PRIMARY,LOST,LIBERTARIAN,THIRD-PARTY,NC,2014,STANDARD,US SENATE DISTRICT NC SW-CLASS II,OPEN,1.00,-214.00
"GRANT, HEATHER ANDERSON",LOST-PRIMARY,LOST,REPUBLICAN,REPUBLICAN,NC,2014,STANDARD,US SENATE DISTRICT NC SW-CLASS II,OPEN,11.00,5289.00
"HAGAN, JANET KAY RUTHVEN",LOST-GENERAL,LOST,DEMOCRATIC,DEMOCRATIC,NC,2014,STANDARD,US SENATE DISTRICT NC SW-CLASS II,INCUMBENT,39548.00,23006296.00
"HARRIS, MARK EVERETTE",LOST-PRIMARY,LOST,REPUBLICAN,REPUBLICAN,NC,2014,STANDARD,US SENATE DISTRICT NC SW-CLASS II,OPEN,1252.00,893948.00
"HAUGH, SEAN NEWTON",LOST-GENERAL,LOST,LIBERTARIAN,THIRD-PARTY,NC,2014,STANDARD,US SENATE DISTRICT NC SW-CLASS II,CHALLENGER,33.00,10433.00
"KRYN, EDWARD THADDE",LOST-PRIMARY,LOST,REPUBLICAN,REPUBLICAN,NC,2014,STANDARD,US SENATE DISTRICT NC SW-CLASS II,OPEN,0.00,0.00
"REEVES, ERNEST TYRONE",LOST-PRIMARY,LOST,DEMOCRATIC,DEMOCRATIC,NC,2014,STANDARD,US SENATE DISTRICT NC SW-CLASS II,CHALLENGER,0.00,0.00
"RHODES, JOHN W",LOST-GENERAL,LOST,WRITEIN,THIRD-PARTY,NC,2014,STANDARD,US SENATE DISTRICT NC SW-CLASS II,CHALLENGER,0.00,0.00
"SNYDER JR, JAMES EUGENE",LOST-PRIMARY,LOST,REPUBLICAN,REPUBLICAN,NC,2014,STANDARD,US SENATE DISTRICT NC SW-CLASS II,OPEN,1.00,1610.00
"STEWART JR, WILLIAM CURTIS",LOST-PRIMARY,LOST,DEMOCRATIC,DEMOCRATIC,NC,2014,STANDARD,US SENATE DISTRICT NC SW-CLASS II,CHALLENGER,0.00,0.00
"TILLIS, THOMAS R (THOM)",WON-GENERAL,WON,REPUBLICAN,REPUBLICAN,NC,2014,STANDARD,US SENATE DISTRICT NC SW-CLASS II,CHALLENGER,10811.00,10117906.00
"BUTTERFIELD JR, GEORGE KENNETH (GK)",WON-GENERAL,WON,DEMOCRATIC,DEMOCRATIC,NC,2016,STANDARD,US HOUSE DISTRICT NC 001,INCUMBENT,807.00,1104049.00
"DEW JR, HAROLD POWELL",LOST-GENERAL,LOST,REPUBLICAN,REPUBLICAN,NC,2016,STANDARD,US HOUSE DISTRICT NC 001,CHALLENGER,21.00,21148.00
"SUMMERELL, JOSEPH JOHN (JJ)",LOST-GENERAL,LOST,LIBERTARIAN,THIRD-PARTY,NC,2016,STANDARD,US HOUSE DISTRICT NC 001,CHALLENGER,22.00,21512.00
"BRANNON, GREGORY J",LOST-PRIMARY,LOST,REPUBLICAN,REPUBLICAN,NC,2016,STANDARD,US HOUSE DISTRICT NC 002,CHALLENGER,62.00,116146.00
"BREWINGTON, ELTON REGINALD",LOST-PRIMARY,LOST,DEMOCRATIC,DEMOCRATIC,NC,2016,STANDARD,US HOUSE DISTRICT NC 002,OPEN,0.00,0.00
"ELLMERS, RENEE",LOST-PRIMARY,LOST,REPUBLICAN,REPUBLICAN,NC,2016,STANDARD,US HOUSE DISTRICT NC 002,INCUMBENT,1162.00,1299100.00
"HIGHT, STEVEN ENNIS",LOST-PRIMARY,LOST,DEMOCRATIC,DEMOCRATIC,NC,2016,STANDARD,US HOUSE DISTRICT NC 002,OPEN,0.00,0.00
"HOLDING, GEORGE EDWARD BELL",WON-GENERAL,WON,REPUBLICAN,REPUBLICAN,NC,2016,STANDARD,US HOUSE DISTRICT NC 002,INCUMBENT,2787.00,2789681.00
"MCNEIL, JOHN PATRICK",LOST-GENERAL,LOST,DEMOCRATIC,DEMOCRATIC,NC,2016,STANDARD,US HOUSE DISTRICT NC 002,CHALLENGER,159.00,82876.00
"SANYAL, ARUNAVA",LOST-PRIMARY,LOST,DEMOCRATIC,DEMOCRATIC,NC,2016,STANDARD,US HOUSE DISTRICT NC 002,OPEN,22.00,49578.00
"WATSON, JANE CORNELIA",LOST-PRIMARY,LOST,DEMOCRATIC,DEMOCRATIC,NC,2016,STANDARD,US HOUSE DISTRICT NC 002,OPEN,0.00,0.00
"GRIFFIN, WILLIAM TAYLOR",LOST-PRIMARY,LOST,REPUBLICAN,REPUBLICAN,NC,2016,STANDARD,US HOUSE DISTRICT NC 003,CHALLENGER,342.00,347801.00
"HURST, DAVID ALLAN",LOST-PRIMARY,LOST,DEMOCRATIC,DEMOCRATIC,NC,2016,STANDARD,US HOUSE DISTRICT NC 003,OPEN,0.00,0.00
"JONES, WALTER B",WON-GENERAL,WON,REPUBLICAN,REPUBLICAN,NC,2016,STANDARD,US HOUSE DISTRICT NC 003,INCUMBENT,1019.00,676451.00
"LAW, PHILIP JOSEPH",LOST-PRIMARY,LOST,REPUBLICAN,REPUBLICAN,NC,2016,STANDARD,US HOUSE DISTRICT NC 003,CHALLENGER,106.00,146518.00
"REEVES, ERNEST TYRONE",LOST-GENERAL,LOST,DEMOCRATIC,DEMOCRATIC,NC,2016,STANDARD,US HOUSE DISTRICT NC 003,CHALLENGER,0.00,0.00
"GOOGE, JIANGXIU FU",LOST-GENERAL,LOST,REPUBLICAN,REPUBLICAN,NC,2016,STANDARD,US HOUSE DISTRICT NC 004,CHALLENGER,99.00,129469.00
"KIMBALL SR, TEIJI",LOST-PRIMARY,LOST,REPUBLICAN,REPUBLICAN,NC,2016,STANDARD,US HOUSE DISTRICT NC 004,OPEN,0.00,0.00
"PRICE, DAVID E",WON-GENERAL,WON,DEMOCRATIC,DEMOCRATIC,NC,2016,STANDARD,US HOUSE DISTRICT NC 004,INCUMBENT,902.00,785244.00
"BRANNON, JOSHUA ETHAN",LOST-GENERAL,LOST,DEMOCRATIC,DEMOCRATIC,NC,2016,STANDARD,US HOUSE DISTRICT NC 005,CHALLENGER,0.00,0.00
"CURRAN, PATRICIA MARGARET",LOST-PRIMARY,LOST,REPUBLICAN,REPUBLICAN,NC,2016,STANDARD,US HOUSE DISTRICT NC 005,CHALLENGER,332.00,86516.00
"FOXX, VIRGINIA",WON-GENERAL,WON,REPUBLICAN,REPUBLICAN,NC,2016,STANDARD,US HOUSE DISTRICT NC 005,INCUMBENT,1435.00,1638421.00
"ROBERTS SR, JAMES HENRY",LOST-PRIMARY,LOST,DEMOCRATIC,DEMOCRATIC,NC,2016,STANDARD,US HOUSE DISTRICT NC 005,OPEN,9.00,4843.00
"WALLIN, CHARLES RONNIE (CHARLIE)",LOST-PRIMARY,LOST,DEMOCRATIC,DEMOCRATIC,NC,2016,STANDARD,US HOUSE DISTRICT NC 005,OPEN,9.00,3831.00
"GLIDEWELL III, POWELL WATKINS",LOST-GENERAL,LOST,DEMOCRATIC,DEMOCRATIC,NC,2016,STANDARD,US HOUSE DISTRICT NC 006,CHALLENGER,135.00,93573.00
"HARDIN, CHRISTOPHER WESLEY",LOST-PRIMARY,LOST,REPUBLICAN,REPUBLICAN,NC,2016,STANDARD,US HOUSE DISTRICT NC 006,CHALLENGER,68.00,29340.00
"WALKER, BRADLEY MARK",WON-GENERAL,WON,REPUBLICAN,REPUBLICAN,NC,2016,STANDARD,US HOUSE DISTRICT NC 006,INCUMBENT,940.00,870599.00
"CASTEEN JR, JOHN WESLEY",LOST-GENERAL,LOST,DEMOCRATIC,DEMOCRATIC,NC,2016,STANDARD,US HOUSE DISTRICT NC 007,CHALLENGER,0.00,0.00
"ROUZER, DAVID CHESTON",WON-GENERAL,WON,REPUBLICAN,REPUBLICAN,NC,2016,STANDARD,US HOUSE DISTRICT NC 007,INCUMBENT,1200.00,1342302.00
"DANNUNZIO, TIMOTHY BRUCE",LOST-PRIMARY,LOST,REPUBLICAN,REPUBLICAN,NC,2016,STANDARD,US HOUSE DISTRICT NC 008,CHALLENGER,25.00,367116.00
"HUDSON JR, RICHARD LANE",WON-GENERAL,WON,REPUBLICAN,REPUBLICAN,NC,2016,STANDARD,US HOUSE DISTRICT NC 008,INCUMBENT,1607.00,2075852.00
"MILLS, THOMAS MARTIN",LOST-GENERAL,LOST,DEMOCRATIC,DEMOCRATIC,NC,2016,STANDARD,US HOUSE DISTRICT NC 008,CHALLENGER,770.00,400315.00
"CANO JR, FERNANDO CHRISTIAN",LOST-GENERAL,LOST,DEMOCRATIC,DEMOCRATIC,NC,2016,STANDARD,US HOUSE DISTRICT NC 009,CHALLENGER,98.00,53422.00
"HARRIS, MARK EVERETTE",LOST-PRIMARY,LOST,REPUBLICAN,REPUBLICAN,NC,2016,STANDARD,US HOUSE DISTRICT NC 009,CHALLENGER,177.00,178094.00
"JOHNSON, MATTHEW TODD",LOST-PRIMARY,LOST,REPUBLICAN,REPUBLICAN,NC,2016,STANDARD,US HOUSE DISTRICT NC 009,CHALLENGER,127.00,220610.00
"PITTENGER, ROBERT M",WON-GENERAL,WON,REPUBLICAN,REPUBLICAN,NC,2016,STANDARD,US HOUSE DISTRICT NC 009,INCUMBENT,591.00,1137644.00
"BAKER, JEFFREY RONALD",LOST-PRIMARY,LOST,REPUBLICAN,REPUBLICAN,NC,2016,STANDARD,US HOUSE DISTRICT NC 010,CHALLENGER,0.00,0.00
"GREGORY, JEFF",LOST-PRIMARY,LOST,REPUBLICAN,REPUBLICAN,NC,2016,STANDARD,US HOUSE DISTRICT NC 010,CHALLENGER,0.00,0.00
"MCHENRY, PATRICK TIMOTHY",WON-GENERAL,WON,REPUBLICAN,REPUBLICAN,NC,2016,STANDARD,US HOUSE DISTRICT NC 010,INCUMBENT,2078.00,3208681.00
"MILLARD, CARL A (ANDY)",LOST-GENERAL,LOST,DEMOCRATIC,DEMOCRATIC,NC,2016,STANDARD,US HOUSE DISTRICT NC 010,CHALLENGER,557.00,291835.00
"WILEY JR, ALBERT LEE",LOST-PRIMARY,LOST,REPUBLICAN,REPUBLICAN,NC,2016,STANDARD,US HOUSE DISTRICT NC 010,CHALLENGER,0.00,0.00
"BRYSON, FREDRICK E (RICK)",LOST-GENERAL,LOST,DEMOCRATIC,DEMOCRATIC,NC,2016,STANDARD,US HOUSE DISTRICT NC 011,CHALLENGER,55.00,45286.00
"HILL, THOMAS WADDELL (TOM)",LOST-PRIMARY,LOST,DEMOCRATIC,DEMOCRATIC,NC,2016,STANDARD,US HOUSE DISTRICT NC 011,OPEN,4.00,4464.00
"MEADOWS, MARK RANDAL",WON-GENERAL,WON,REPUBLICAN,REPUBLICAN,NC,2016,STANDARD,US HOUSE DISTRICT NC 011,INCUMBENT,584.00,507290.00
"ADAMS, ALMA",WON-GENERAL,WON,DEMOCRATIC,DEMOCRATIC,NC,2016,STANDARD,US HOUSE DISTRICT NC 012,INCUMBENT,948.00,921786.00
"COTHAM, PATRICIA ANN",LOST-PRIMARY,LOST,DEMOCRATIC,DEMOCRATIC,NC,2016,STANDARD,US HOUSE DISTRICT NC 012,CHALLENGER,107.00,120336.00
"CUNNINGHAM, CARLA D",LOST-PRIMARY,LOST,DEMOCRATIC,DEMOCRATIC,NC,2016,STANDARD,US HOUSE DISTRICT NC 012,CHALLENGER,14.00,42878.00
"DUFFIE, RYAN PATRICK",LOST-PRIMARY,LOST,REPUBLICAN,REPUBLICAN,NC,2016,STANDARD,US HOUSE DISTRICT NC 012,OPEN,10.00,6585.00
"GRAHAM, MALCOLM R",LOST-PRIMARY,LOST,DEMOCRATIC,DEMOCRATIC,NC,2016,STANDARD,US HOUSE DISTRICT NC 012,CHALLENGER,109.00,101812.00
"HENLEY, GARDENIA MAE",LOST-PRIMARY,LOST,DEMOCRATIC,DEMOCRATIC,NC,2016,STANDARD,US HOUSE DISTRICT NC 012,CHALLENGER,13.00,10376.00
"MILLER, DERRICK FLOYD",LOST-PRIMARY,LOST,DEMOCRATIC,DEMOCRATIC,NC,2016,STANDARD,US HOUSE DISTRICT NC 012,CHALLENGER,0.00,0.00
"MOORE, RODNEY WAYNE",LOST-PRIMARY,LOST,DEMOCRATIC,DEMOCRATIC,NC,2016,STANDARD,US HOUSE DISTRICT NC 012,CHALLENGER,0.00,0.00
"THREATT, ARCHIE LEON",LOST-GENERAL,LOST,REPUBLICAN,REPUBLICAN,NC,2016,STANDARD,US HOUSE DISTRICT NC 012,CHALLENGER,70.00,41699.00
"WRIGHT, PAUL MICHAEL",LOST-PRIMARY,LOST,REPUBLICAN,REPUBLICAN,NC,2016,STANDARD,US HOUSE DISTRICT NC 012,OPEN,0.00,0.00
"BARRETT, CHARLES DANIEL (DAN)",LOST-PRIMARY,LOST,REPUBLICAN,REPUBLICAN,NC,2016,STANDARD,US HOUSE DISTRICT NC 013,OPEN,30.00,241402.00
"BLUST, JOHN M",LOST-PRIMARY,LOST,REPUBLICAN,REPUBLICAN,NC,2016,STANDARD,US HOUSE DISTRICT NC 013,OPEN,49.00,50562.00
"BROCK, ANDREW C",LOST-PRIMARY,LOST,REPUBLICAN,REPUBLICAN,NC,2016,STANDARD,US HOUSE DISTRICT NC 013,OPEN,34.00,134525.00
"BUDD, THEODORE PAUL",WON-GENERAL,WON,REPUBLICAN,REPUBLICAN,NC,2016,STANDARD,US HOUSE DISTRICT NC 013,OPEN,443.00,603618.00
"COKER, ADAM WARD",LOST-PRIMARY,LOST,DEMOCRATIC,DEMOCRATIC,NC,2016,STANDARD,US HOUSE DISTRICT NC 013,OPEN,8.00,20198.00
"DALY, KAY RYON",LOST-PRIMARY,LOST,REPUBLICAN,REPUBLICAN,NC,2016,STANDARD,US HOUSE DISTRICT NC 013,OPEN,170.00,182916.00
"DAVIS SR, BRUCE EDWARD",LOST-GENERAL,LOST,DEMOCRATIC,DEMOCRATIC,NC,2016,STANDARD,US HOUSE DISTRICT NC 013,OPEN,204.00,92577.00
"FEATHER, KATHLEEN M",LOST-PRIMARY,LOST,REPUBLICAN,REPUBLICAN,NC,2016,STANDARD,US HOUSE DISTRICT NC 013,OPEN,1.00,-690.00
"FERGUSON, MAZIE BUTLER",LOST-PRIMARY,LOST,DEMOCRATIC,DEMOCRATIC,NC,2016,STANDARD,US HOUSE DISTRICT NC 013,OPEN,0.00,0.00
"GANT, CHAD AARON",LOST-PRIMARY,LOST,REPUBLICAN,REPUBLICAN,NC,2016,STANDARD,US HOUSE DISTRICT NC 013,OPEN,0.00,0.00
"GRIFFIN, KEVIN DAY",LOST-PRIMARY,LOST,DEMOCRATIC,DEMOCRATIC,NC,2016,STANDARD,US HOUSE DISTRICT NC 013,OPEN,10.00,19508.00
"HENNING IV, PAUL HENRY",LOST-PRIMARY,LOST,REPUBLICAN,REPUBLICAN,NC,2016,STANDARD,US HOUSE DISTRICT NC 013,OPEN,86.00,77591.00
"HOWARD, JULIA C",LOST-PRIMARY,LOST,REPUBLICAN,REPUBLICAN,NC,2016,STANDARD,US HOUSE DISTRICT NC 013,OPEN,65.00,63995.00
"ISNER, ROBERT STUART",LOST-PRIMARY,LOST,DEMOCRATIC,DEMOCRATIC,NC,2016,STANDARD,US HOUSE DISTRICT NC 013,OPEN,28.00,19850.00
"MCCALL, MATT",LOST-PRIMARY,LOST,REPUBLICAN,REPUBLICAN,NC,2016,STANDARD,US HOUSE DISTRICT NC 013,OPEN,51.00,32131.00
"ROBINSON, VERNON L",LOST-PRIMARY,LOST,REPUBLICAN,REPUBLICAN,NC,2016,STANDARD,US HOUSE DISTRICT NC 013,OPEN,86.00,92883.00
"ROUCO, GEORGE EDWARD",LOST-PRIMARY,LOST,REPUBLICAN,REPUBLICAN,NC,2016,STANDARD,US HOUSE DISTRICT NC 013,OPEN,77.00,77115.00
"SHOAF, FARREN KENT",LOST-PRIMARY,LOST,REPUBLICAN,REPUBLICAN,NC,2016,STANDARD,US HOUSE DISTRICT NC 013,OPEN,26.00,15453.00
"SNYDER JR, JAMES EUGENE",LOST-PRIMARY,LOST,REPUBLICAN,REPUBLICAN,NC,2016,STANDARD,US HOUSE DISTRICT NC 013,OPEN,0.00,0.00
"THOMPSON, DAVID W",LOST-PRIMARY,LOST,REPUBLICAN,REPUBLICAN,NC,2016,STANDARD,US HOUSE DISTRICT NC 013,OPEN,0.00,0.00
"WALSER, JASON ALBERT",LOST-PRIMARY,LOST,REPUBLICAN,REPUBLICAN,NC,2016,STANDARD,US HOUSE DISTRICT NC 013,OPEN,93.00,83230.00
"WARREN, HARRY",LOST-PRIMARY,LOST,REPUBLICAN,REPUBLICAN,NC,2016,STANDARD,US HOUSE DISTRICT NC 013,OPEN,47.00,49769.00
"BRANNON, GREGORY J",LOST-PRIMARY,LOST,REPUBLICAN,REPUBLICAN,NC,2016,STANDARD,US SENATE DISTRICT NC SW-CLASS III,CHALLENGER,423.00,307008.00
"BURR, RICHARD MAUZE",WON-GENERAL,WON,REPUBLICAN,REPUBLICAN,NC,2016,STANDARD,US SENATE DISTRICT NC SW-CLASS III,INCUMBENT,9484.00,12941222.00
"GRIFFIN, KEVIN DAY",LOST-PRIMARY,LOST,DEMOCRATIC,DEMOCRATIC,NC,2016,STANDARD,US SENATE DISTRICT NC SW-CLASS III,OPEN,20.00,62890.00
"HAUGH, SEAN NEWTON",LOST-GENERAL,LOST,LIBERTARIAN,THIRD-PARTY,NC,2016,STANDARD,US SENATE DISTRICT NC SW-CLASS III,CHALLENGER,27.00,5893.00
"HOLMQUIST, LARRY HOWARD",LOST-PRIMARY,LOST,REPUBLICAN,REPUBLICAN,NC,2016,STANDARD,US SENATE DISTRICT NC SW-CLASS III,CHALLENGER,20.00,8935.00
"REEVES, ERNEST TYRONE",LOST-PRIMARY,LOST,DEMOCRATIC,DEMOCRATIC,NC,2016,STANDARD,US SENATE DISTRICT NC SW-CLASS III,OPEN,0.00,0.00
"REY, CHRISTIA VIRDELLE (CHRIS)",LOST-PRIMARY,LOST,DEMOCRATIC,DEMOCRATIC,NC,2016,STANDARD,US SENATE DISTRICT NC SW-CLASS III,OPEN,78.00,47374.00
"ROSS, DEBORAH",LOST-GENERAL,LOST,DEMOCRATIC,DEMOCRATIC,NC,2016,STANDARD,US SENATE DISTRICT NC SW-CLASS III,CHALLENGER,31447.00,13867729.00
"WRIGHT, PAUL MICHAEL",LOST-PRIMARY,LOST,REPUBLICAN,REPUBLICAN,NC,2016,STANDARD,US SENATE DISTRICT NC SW-CLASS III,CHALLENGER,0.00,0.00
